Email,HashedEmail,Registration_date,Name,Job_title,Institution
sdickson@csulb.edu,726d0148591418a4276247167e65d3cb1741dd06debe73cb2914df5e1de0ba23,12/27/24 8:17,sdickson,Professor,California Institute of Technology
hcrosby@getmails.eu,9adecd10233add1398eb2fa8d97741db3b20719e841ac067f98ea2ae45b36fad,12/27/24 8:17,hcrosby,Research Assistant,University of Cambridge
eoconnor@163.com,227eeca350a545ee779d798b87ccbcc9594332d3864932c488428b0bff43488c,12/27/24 8:17,eoconnor,Lecturer,Oxford University
pmcbride@utoronto.ca,032252549e1f3128dbc097a65f9a733428a5fd8f7ad8ee70a4af6b60603272ce,12/27/24 8:17,pmcbride,Chief Scientist,Massachusetts Institute of Technology
kporter@gmail.com,ba9d503eaecdb83673c96888ab0bcf9017a21892f02b469d80c571df9077595e,12/27/24 8:17,kporter,Professor,California Institute of Technology
rwebb@durasak.co.uk,ef4e0e426178846a21b6c5689769e1ec8ad94d1fb9b77abe10e20e4c1659afee,12/27/24 8:17,rwebb,Research Assistant,University of Cambridge
amueller@louisiana.edu,1956b4067498b8305b437358b0ea23243b65b632825edad0386f62d670254a75,12/27/24 8:17,amueller,Lecturer,Oxford University
atorres@chu-dijon.fr,afbabfe75886f6e3e966575cb5c7ab3c8322fb28975c5dd2383c412e62ec97c6,12/27/24 8:17,atorres,Chief Scientist,Massachusetts Institute of Technology
vlang@gmail.com,62eb564e18c628bca2c0739c3f4218d5216eeebb8dc9de20e04ca5e5d925ed98,12/27/24 8:17,vlang,Professor,California Institute of Technology
wday@gmail.com,7ff337745651242e4bdbf877ecffe5acbc69994320de704e00d44fed881abebb,12/27/24 8:17,wday,Research Assistant,University of Cambridge
hhicks@mac.com,d70396a63405884f0dae49ecf13a4f7f02e5e2378813a71e47a5a8639085ff35,12/27/24 8:17,hhicks,Lecturer,Oxford University
mgonzales@hotmail.com,de5fcf6dc37059ebed3f617b325a9208593ec1fde50d246069e19b195a9e72e5,12/27/24 8:17,mgonzales,Chief Scientist,Massachusetts Institute of Technology
hreeves@my.unt.edu,22dbe4cd96f06cb68b52abf84711924991ad8e7464ba851d5cac683d04a7e36e,12/27/24 8:17,hreeves,Professor,California Institute of Technology
czhang@hotmail.com,cb04c3f44e4c715b5fc29cfa6483691cbb5ce67a9da871d95ce0c8f2207726df,12/27/24 8:17,czhang,Research Assistant,University of Cambridge
sward@news.com.au,adbabaa2be42c455c9794b03d0944c0578c4b820aba63e81959168b95a0de5e6,12/27/24 8:17,sward,Lecturer,Oxford University
jcurtis@amc.seoul.kr,05e34c357e30c0c457fd929fbf5cdaf78d96e226d3b98d7969d9e930f5cfd766,12/27/24 8:18,jcurtis,Chief Scientist,Massachusetts Institute of Technology
apaul@gmail.com,2232257bc6e8fd5647168ca74b95ee5a22655aa13f844bb76551ce33f3fe9e66,12/27/24 8:18,apaul,Professor,California Institute of Technology
nhuber@uoit.ca,eaf5a7d38ffec1fd74e365f0c0889f0fea94a252eb9e749d986d646a2e459e93,12/27/24 8:18,nhuber,Research Assistant,University of Cambridge
rgolden@phc.ox.ac.uk,22c23f3b897f85329e487d45dee6b9e0af153a928dae9965869793af4042eef3,12/27/24 8:18,rgolden,Lecturer,Oxford University
arodriguez@protonmail.com,f60da901a9ff75e52e517ab83cc06ba35c5bb5debb3c7bb9c070bbfb98014028,12/27/24 8:18,arodriguez,Chief Scientist,Massachusetts Institute of Technology
emurray@femailtor.com,12225ca080c40e552eb56ec9db7aee65b73153ab343a2f46179f9ec28cfed176,12/27/24 8:18,emurray,Professor,California Institute of Technology
aahmed@gmail.com,770b646370527c28427acd6d0c3e59a932d7ff71816aa6bdf433b984cc14aa40,12/27/24 8:18,aahmed,Research Assistant,University of Cambridge
jpitts@alum.mit.edu,8a58dab96a107658b1870d748d8608a854691776f1ffb7cee61e1299aa8cc374,12/27/24 8:18,jpitts,Lecturer,Oxford University
tvu@gmail.com,6ec02caf8c6521a72d7c452e53680c5d06cab9dce50451307d952565f49fe699,12/27/24 8:18,tvu,Chief Scientist,Massachusetts Institute of Technology
kwang@wspa.org,5c5b71b79ae3a15b8e50f2e9310d009752e0eb47c3e08bdb4ca3dc97aa74965a,12/27/24 8:18,kwang,Professor,California Institute of Technology
chebert@bakersfieldcollege.edu,486065e093945486c61b24dc6f3a5875cd03fe454e743f3f199bc9062d6adead,12/27/24 8:18,chebert,Research Assistant,University of Cambridge
kvu@kresslypediatrics.com,fa8229c366aedafd6cd6836d19a22a2a57abc46157343889569875a9bde0b5f1,12/27/24 8:18,kvu,Lecturer,Oxford University
kberg@flurred.com,22d14b4d439448c5c108a9ccb7850266237b81ad2382b33a852df264010cdfd9,12/27/24 8:18,kberg,Chief Scientist,Massachusetts Institute of Technology
epearson@gmail.com,0b5f77cff1f0f93340898c2c4ed8b046c54a7c06574b70b459bc80f2d93665d7,12/27/24 8:18,epearson,Professor,California Institute of Technology
gkent@health.ucsd.edu,1b4edc0f4c703858952ee2d3382b605031e09b38883276522e74223ed4990786,12/27/24 8:18,gkent,Research Assistant,University of Cambridge
jhutchinson@mail.nih.gov,7382b9e8441030bff0b102440e7f9a1d0cd4de2ebc0ae0054c5dc3ff348e69fa,12/27/24 8:18,jhutchinson,Lecturer,Oxford University
karias@yahoo.com,f9873a2bf80fb9609c15897c11e8b8dde4dbdd8d457ff59f25e70b6a443a4ad2,12/27/24 8:18,karias,Chief Scientist,Massachusetts Institute of Technology
awagner@mix.wvu.edu,735487d87828bd3212b605e2d6f4549ee99dcfac10833c96a1575326cef22406,12/27/24 8:18,awagner,Professor,California Institute of Technology
enielsen@gmail.com,828bbea8fa14dd4e652a2ddf52776f00d9e9e5102e134b7fb55b02d73ba52f3c,12/27/24 8:18,enielsen,Research Assistant,University of Cambridge
vgalvan@163.com,57928543009f1b0d810432c25b5f0ba98ce15b5f76e8066abe5c10c2703dcece,12/27/24 8:18,vgalvan,Lecturer,Oxford University
kwatts@umc.edu.dz,2f11decf1cf50713d5755209bf0c613a2ea72b71ea9184576fc5de003b198b37,12/27/24 8:18,kwatts,Chief Scientist,Massachusetts Institute of Technology
mnunez@umsl.edu,e830968e3d5d3b1118c16be20e2b9d74864e7e6f74dddc6b5d7da694dd8da05b,12/27/24 8:18,mnunez,Professor,California Institute of Technology
cmaldonado@163.com,ac2a3246a523bb75d21838c4e929c82332a5215490c26649cff21783adc6e745,12/27/24 8:18,cmaldonado,Research Assistant,University of Cambridge
erowland@vet-nantes.fr,d89836c828048ca7e98be962fbac63db1f1f9734ded39d82228c8bf4ca17c504,12/27/24 8:18,erowland,Lecturer,Oxford University
eschroeder@inn.no,1cd7a268720a96a4ccb35cdf55de4c01616b2294a5c783230a7c248a8b8b9c33,12/27/24 8:18,eschroeder,Chief Scientist,Massachusetts Institute of Technology
cfletcher@gamail.top,cb5021dfb2dd6441909b4d65a863bb2ae47b9a1acd958d1a7501c9cb99ad57ab,12/27/24 8:18,cfletcher,Professor,California Institute of Technology
jwilkinson@yahoo.com,e2586df31cf225e022219c9eb9c7688a5ad5070d331a6c72d6d934e5bcccaf75,12/27/24 8:18,jwilkinson,Research Assistant,University of Cambridge
sgrimes@yahoo.com,5ba699919423ad9827a0142455b4da9e0624a77b36d60b1882e2d0f84dce5037,12/27/24 8:18,sgrimes,Lecturer,Oxford University
hrasmussen@qq.com,e6d3814ee7097cbb440041facabb36f0baaa8a53169b0749720578be06fc102f,12/27/24 8:18,hrasmussen,Chief Scientist,Massachusetts Institute of Technology
esheppard@rpi.edu,cd09b4b1123f285aa8e20e7b08c68339e6fdba790abf737f9bb531a15b75b57a,12/27/24 8:18,esheppard,Professor,California Institute of Technology
twarren@drmgrdu.ac.in,1fb49c1e2ecfe524165572fe7590cd8b00bb626bcdb2da404a27ee984bf6b811,12/27/24 8:18,twarren,Research Assistant,University of Cambridge
smeyers@mailcatch.com,428b7b2fb36b3a6a028ec0f7c0847a7cc52298b1cfa284cf76d4ad972768e853,12/27/24 8:18,smeyers,Lecturer,Oxford University
jcurry@ivc.edu,7beda31d19fe37745bdd4975f4f402799eea11bf34266d0f0d30089d1f3fbc49,12/27/24 8:18,jcurry,Chief Scientist,Massachusetts Institute of Technology
agallegos@gmail.com,f8854fd09ce2acff87fcf4b0209529db98ca847429b3ea4a9d3744897b6b579d,12/27/24 8:18,agallegos,Professor,California Institute of Technology
jbonilla@tcnj.edu,e68a9d75ff87627a9eddbe0de1730c568362c00080a2e9ff875f56bad6f62558,12/27/24 8:18,jbonilla,Research Assistant,University of Cambridge
kwcang@wspa.org,5c5b71b79ae3a15b8e50f2e9310d009752e0eb47c3e08bdb4ca3dc97aa74965a,12/27/24 8:18,kwcang,Lecturer,Oxford University
chcebert@bakersfieldcollege.edu,486065e093945486c61b24dc6f3a5875cd03fe454e743f3f199bc9062d6adead,12/27/24 8:18,chcebert,Chief Scientist,Massachusetts Institute of Technology
kvcu@kresslypediatrics.com,fa8229c366aedafd6cd6836d19a22a2a57abc46157343889569875a9bde0b5f1,12/27/24 8:18,kvcu,Professor,California Institute of Technology
kbcerg@flurred.com,22d14b4d439448c5c108a9ccb7850266237b81ad2382b33a852df264010cdfd9,12/27/24 8:18,kbcerg,Research Assistant,University of Cambridge
epecarson@gmail.com,0b5f77cff1f0f93340898c2c4ed8b046c54a7c06574b70b459bc80f2d93665d7,12/27/24 8:18,epecarson,Lecturer,Oxford University
gkecnt@health.ucsd.edu,1b4edc0f4c703858952ee2d3382b605031e09b38883276522e74223ed4990786,12/27/24 8:18,gkecnt,Chief Scientist,Massachusetts Institute of Technology
jhutcchinson@mail.nih.gov,7382b9e8441030bff0b102440e7f9a1d0cd4de2ebc0ae0054c5dc3ff348e69fa,12/27/24 8:18,jhutcchinson,Professor,California Institute of Technology
karicas@yahoo.com,f9873a2bf80fb9609c15897c11e8b8dde4dbdd8d457ff59f25e70b6a443a4ad2,12/27/24 8:18,karicas,Research Assistant,University of Cambridge
awacgner@mix.wvu.edu,735487d87828bd3212b605e2d6f4549ee99dcfac10833c96a1575326cef22406,12/27/24 8:18,awacgner,Lecturer,Oxford University
kpocrter@gmail.com,ba9d503eaecdb83673c96888ab0bcf9017a21892f02b469d80c571df9077595e,12/27/24 8:17,kpocrter,Chief Scientist,Massachusetts Institute of Technology
rwecbb@durasak.co.uk,ef4e0e426178846a21b6c5689769e1ec8ad94d1fb9b77abe10e20e4c1659afee,12/27/24 8:17,rwecbb,Professor,California Institute of Technology
amcueller@louisiana.edu,1956b4067498b8305b437358b0ea23243b65b632825edad0386f62d670254a75,12/27/24 8:17,amcueller,Research Assistant,University of Cambridge
atocrres@chu-dijon.fr,afbabfe75886f6e3e966575cb5c7ab3c8322fb28975c5dd2383c412e62ec97c6,12/27/24 8:17,atocrres,Lecturer,Oxford University
vlacng@gmail.com,62eb564e18c628bca2c0739c3f4218d5216eeebb8dc9de20e04ca5e5d925ed98,12/27/24 8:17,vlacng,Chief Scientist,Massachusetts Institute of Technology
wdcay@gmail.com,7ff337745651242e4bdbf877ecffe5acbc69994320de704e00d44fed881abebb,12/27/24 8:17,wdcay,Professor,California Institute of Technology
hhiccks@mac.com,d70396a63405884f0dae49ecf13a4f7f02e5e2378813a71e47a5a8639085ff35,12/27/24 8:17,hhiccks,Research Assistant,University of Cambridge
mgconzales@hotmail.com,de5fcf6dc37059ebed3f617b325a9208593ec1fde50d246069e19b195a9e72e5,12/27/24 8:17,mgconzales,Lecturer,Oxford University
hreecves@my.unt.edu,22dbe4cd96f06cb68b52abf84711924991ad8e7464ba851d5cac683d04a7e36e,12/27/24 8:17,hreecves,Chief Scientist,Massachusetts Institute of Technology
czhacng@hotmail.com,cb04c3f44e4c715b5fc29cfa6483691cbb5ce67a9da871d95ce0c8f2207726df,12/27/24 8:17,czhacng,Professor,California Institute of Technology
sward@news.com.au,adbabaa2be42c455c9794b03d0944c0578c4b820aba63e81959168b95a0de5e6,12/27/24 8:17,sward,Research Assistant,University of Cambridge
jcurctis@amc.seoul.kr,05e34c357e30c0c457fd929fbf5cdaf78d96e226d3b98d7969d9e930f5cfd766,12/27/24 8:18,jcurctis,Lecturer,Oxford University
apacul@gmail.com,2232257bc6e8fd5647168ca74b95ee5a22655aa13f844bb76551ce33f3fe9e66,12/27/24 8:18,apacul,Chief Scientist,Massachusetts Institute of Technology
nhuber@ucoit.ca,eaf5a7d38ffec1fd74e365f0c0889f0fea94a252eb9e749d986d646a2e459e93,12/27/24 8:18,nhuber,Professor,California Institute of Technology
rgolden@phcc.ox.ac.uk,22c23f3b897f85329e487d45dee6b9e0af153a928dae9965869793af4042eef3,12/27/24 8:18,rgolden,Research Assistant,University of Cambridge
czhang@hotmail.com,cb04c3f44e4c715b5fc29cfa6483691cbb5ce67a9da871d95ce0c8f2207726df,12/27/24 8:17,czhang,Lecturer,Oxford University
sward@news.com.au,adbabaa2be42c455c9794b03d0944c0578c4b820aba63e81959168b95a0de5e6,12/27/24 8:17,sward,Chief Scientist,Massachusetts Institute of Technology
jcurtis@amc.seoul.kr,05e34c357e30c0c457fd929fbf5cdaf78d96e226d3b98d7969d9e930f5cfd766,12/27/24 8:18,jcurtis,Professor,California Institute of Technology
apaul@gmail.com,2232257bc6e8fd5647168ca74b95ee5a22655aa13f844bb76551ce33f3fe9e66,12/27/24 8:18,apaul,Research Assistant,University of Cambridge
nhuber@uoit.ca,eaf5a7d38ffec1fd74e365f0c0889f0fea94a252eb9e749d986d646a2e459e93,12/27/24 8:18,nhuber,Lecturer,Oxford University
rgolden@phc.ox.ac.uk,22c23f3b897f85329e487d45dee6b9e0af153a928dae9965869793af4042eef3,12/27/24 8:18,rgolden,Chief Scientist,Massachusetts Institute of Technology
arodriguez@protonmail.com,f60da901a9ff75e52e517ab83cc06ba35c5bb5debb3c7bb9c070bbfb98014028,12/27/24 8:18,arodriguez,Professor,California Institute of Technology
emurray@femailtor.com,12225ca080c40e552eb56ec9db7aee65b73153ab343a2f46179f9ec28cfed176,12/27/24 8:18,emurray,Research Assistant,University of Cambridge
aahmed@gmail.com,770b646370527c28427acd6d0c3e59a932d7ff71816aa6bdf433b984cc14aa40,12/27/24 8:18,aahmed,Lecturer,Oxford University
jpitts@alum.mit.edu,8a58dab96a107658b1870d748d8608a854691776f1ffb7cee61e1299aa8cc374,12/27/24 8:18,jpitts,Chief Scientist,Massachusetts Institute of Technology
tvu@gmail.com,6ec02caf8c6521a72d7c452e53680c5d06cab9dce50451307d952565f49fe699,12/27/24 8:18,tvu,Professor,California Institute of Technology
kwang@wspa.org,5c5b71b79ae3a15b8e50f2e9310d009752e0eb47c3e08bdb4ca3dc97aa74965a,12/27/24 8:18,kwang,Research Assistant,University of Cambridge
chebert@bakersfieldcollege.edu,486065e093945486c61b24dc6f3a5875cd03fe454e743f3f199bc9062d6adead,12/27/24 8:18,chebert,Lecturer,Oxford University
kvu@kresslypediatrics.com,fa8229c366aedafd6cd6836d19a22a2a57abc46157343889569875a9bde0b5f1,12/27/24 8:18,kvu,Chief Scientist,Massachusetts Institute of Technology
kberg@flurred.com,22d14b4d439448c5c108a9ccb7850266237b81ad2382b33a852df264010cdfd9,12/27/24 8:18,kberg,Professor,California Institute of Technology
epearson@gmail.com,0b5f77cff1f0f93340898c2c4ed8b046c54a7c06574b70b459bc80f2d93665d7,12/27/24 8:18,epearson,Research Assistant,University of Cambridge
gkent@health.ucsd.edu,1b4edc0f4c703858952ee2d3382b605031e09b38883276522e74223ed4990786,12/27/24 8:18,gkent,Lecturer,Oxford University
jhutchinson@mail.nih.gov,7382b9e8441030bff0b102440e7f9a1d0cd4de2ebc0ae0054c5dc3ff348e69fa,12/27/24 8:18,jhutchinson,Chief Scientist,Massachusetts Institute of Technology